Country Name,Country Code,Indicator Name,Indicator Code,1960,2010,2011,2012,2013,2014,2015,2016,2017,2018,2019,2020,2021,2022,2023,2024
Aruba,ABW,"Mortality from CVD, cancer, diabetes or CRD between exact ages 30 and 70 (%)",SH.DYN.NCOM.ZS,,,,,,,,,,,,,,,,
Africa Eastern and Southern,AFE,"Mortality from CVD, cancer, diabetes or CRD between exact ages 30 and 70 (%)",SH.DYN.NCOM.ZS,,23.30275818,22.98977972,22.57916315,22.43875378,22.41071051,22.49055278,22.42011252,22.30051262,22.38111646,22.18149394,22.5414592,21.95027933,,,
Afghanistan,AFG,"Mortality from CVD, cancer, diabetes or CRD between exact ages 30 and 70 (%)",SH.DYN.NCOM.ZS,,37.6,37.2,36.5,36,35.4,35,34.9,35,34.6,34.4,34.8,32.7,,,
Africa Western and Central,AFW,"Mortality from CVD, cancer, diabetes or CRD between exact ages 30 and 70 (%)",SH.DYN.NCOM.ZS,,21.76936433,21.72233725,21.6472805,21.51452298,21.32058024,21.13932008,20.97424212,20.75131044,20.6416202,20.52626596,20.95978557,20.41204782,,,
Angola,AGO,"Mortality from CVD, cancer, diabetes or CRD between exact ages 30 and 70 (%)",SH.DYN.NCOM.ZS,,24.8,24.7,24.3,24.2,23.1,23.2,23,22.9,24,24.6,25.3,24.7,,,
Albania,ALB,"Mortality from CVD, cancer, diabetes or CRD between exact ages 30 and 70 (%)",SH.DYN.NCOM.ZS,,18.9,18.7,14,13.5,13.2,13.3,12.5,12,11.6,11.3,10.4,10,,,
Andorra,AND,"Mortality from CVD, cancer, diabetes or CRD between exact ages 30 and 70 (%)",SH.DYN.NCOM.ZS,,,,,,,,,,,,,,,,
Arab World,ARB,"Mortality from CVD, cancer, diabetes or CRD between exact ages 30 and 70 (%)",SH.DYN.NCOM.ZS,,22.69563226,22.24092133,22.09382352,21.5105749,21.444922,21.62629967,21.18958852,20.86414435,20.98433292,20.88914062,20.6099712,20.13644383,,,
United Arab Emirates,ARE,"Mortality from CVD, cancer, diabetes or CRD between exact ages 30 and 70 (%)",SH.DYN.NCOM.ZS,,8,8.3,8.3,8.3,8.4,8.4,8.4,8.6,8.7,8.7,9.6,11.6,,,
Argentina,ARG,"Mortality from CVD, cancer, diabetes or CRD between exact ages 30 and 70 (%)",SH.DYN.NCOM.ZS,,17.3,17.1,16.9,16.6,16,16.2,16.5,15.9,15.7,15.6,14.7,13.4,,,
Armenia,ARM,"Mortality from CVD, cancer, diabetes or CRD between exact ages 30 and 70 (%)",SH.DYN.NCOM.ZS,,24.8,23.7,23.7,22.7,22.3,22.2,21.6,21.3,20.1,20.2,21.3,20.6,,,
American Samoa,ASM,"Mortality from CVD, cancer, diabetes or CRD between exact ages 30 and 70 (%)",SH.DYN.NCOM.ZS,,,,,,,,,,,,,,,,
Antigua and Barbuda,ATG,"Mortality from CVD, cancer, diabetes or CRD between exact ages 30 and 70 (%)",SH.DYN.NCOM.ZS,,17,16.3,16.6,17.1,17.9,18.2,18.1,17.7,17.9,18.5,15,12.1,,,
Australia,AUS,"Mortality from CVD, cancer, diabetes or CRD between exact ages 30 and 70 (%)",SH.DYN.NCOM.ZS,,9.9,9.8,9.4,9.4,9.3,9.3,9,8.7,8.7,9,8.3,8.3,,,
Austria,AUT,"Mortality from CVD, cancer, diabetes or CRD between exact ages 30 and 70 (%)",SH.DYN.NCOM.ZS,,12.4,12.2,12,11.8,11.7,11.6,11.2,10.8,10.9,10.3,10.1,9.9,,,
Azerbaijan,AZE,"Mortality from CVD, cancer, diabetes or CRD between exact ages 30 and 70 (%)",SH.DYN.NCOM.ZS,,27.5,26.2,25.2,23.6,22.7,21.3,21.1,20.9,19.9,19.3,21.6,17.4,,,
Burundi,BDI,"Mortality from CVD, cancer, diabetes or CRD between exact ages 30 and 70 (%)",SH.DYN.NCOM.ZS,,25,24.7,24.6,24.5,24.5,24.1,24.1,24.1,23.9,23.9,24.1,24.8,,,
Belgium,BEL,"Mortality from CVD, cancer, diabetes or CRD between exact ages 30 and 70 (%)",SH.DYN.NCOM.ZS,,13,12.6,12.2,11.9,11.5,11.5,11.1,10.6,10.4,10,9.1,9.2,,,
Benin,BEN,"Mortality from CVD, cancer, diabetes or CRD between exact ages 30 and 70 (%)",SH.DYN.NCOM.ZS,,22.4,22.5,22.7,22.4,22.3,22.5,22.2,21.9,21.6,21.3,21.8,20.8,,,
Burkina Faso,BFA,"Mortality from CVD, cancer, diabetes or CRD between exact ages 30 and 70 (%)",SH.DYN.NCOM.ZS,,25.3,25.4,25.5,25.4,25.3,25.3,25.2,24.9,24.5,24.1,24.2,23.4,,,
Bangladesh,BGD,"Mortality from CVD, cancer, diabetes or CRD between exact ages 30 and 70 (%)",SH.DYN.NCOM.ZS,,22,20.8,20.1,19.7,19.3,19.1,19.1,19.3,19.3,19.2,18.9,18.1,,,
Bulgaria,BGR,"Mortality from CVD, cancer, diabetes or CRD between exact ages 30 and 70 (%)",SH.DYN.NCOM.ZS,,25.6,25.1,24.3,23.9,24.7,24.3,24.4,24.4,24.3,24,25.1,25.6,,,
Bahrain,BHR,"Mortality from CVD, cancer, diabetes or CRD between exact ages 30 and 70 (%)",SH.DYN.NCOM.ZS,,19.5,18.9,18,16.6,14.9,14.3,14.5,14.5,14.4,14.5,15.1,14.8,,,
"Bahamas, The",BHS,"Mortality from CVD, cancer, diabetes or CRD between exact ages 30 and 70 (%)",SH.DYN.NCOM.ZS,,21.9,21.3,20.8,20.3,21,20.2,20.5,20.4,20.3,20.3,20,20.4,,,
Bosnia and Herzegovina,BIH,"Mortality from CVD, cancer, diabetes or CRD between exact ages 30 and 70 (%)",SH.DYN.NCOM.ZS,,19.8,19.6,18.9,18.9,18.7,19,18.9,18.8,18.7,19.2,17.9,17.2,,,
Belarus,BLR,"Mortality from CVD, cancer, diabetes or CRD between exact ages 30 and 70 (%)",SH.DYN.NCOM.ZS,,31.2,31,27.9,27.1,26.4,25.3,25.3,24.9,25.1,24.4,24.6,23.8,,,
Belize,BLZ,"Mortality from CVD, cancer, diabetes or CRD between exact ages 30 and 70 (%)",SH.DYN.NCOM.ZS,,17.6,17.2,16.9,16.9,16.9,16.9,16.6,16.7,16.6,16.1,16.4,15.4,,,
Bermuda,BMU,"Mortality from CVD, cancer, diabetes or CRD between exact ages 30 and 70 (%)",SH.DYN.NCOM.ZS,,,,,,,,,,,,,,,,
Bolivia,BOL,"Mortality from CVD, cancer, diabetes or CRD between exact ages 30 and 70 (%)",SH.DYN.NCOM.ZS,,17.8,17.7,17.5,17.3,17.2,17.1,17,16.9,16.7,16.6,19.8,19.9,,,
Brazil,BRA,"Mortality from CVD, cancer, diabetes or CRD between exact ages 30 and 70 (%)",SH.DYN.NCOM.ZS,,17.4,17.3,16.8,16.6,16.1,16.1,16.2,15.7,15.4,15.1,14.7,14.5,,,
Barbados,BRB,"Mortality from CVD, cancer, diabetes or CRD between exact ages 30 and 70 (%)",SH.DYN.NCOM.ZS,,17.8,17.7,17.3,17.4,17.5,17.3,17.5,17.2,17.4,17.8,16.7,14,,,
Brunei Darussalam,BRN,"Mortality from CVD, cancer, diabetes or CRD between exact ages 30 and 70 (%)",SH.DYN.NCOM.ZS,,16.1,15.4,15.2,15.1,15.1,15.1,15.1,15.3,15.4,15.2,15.2,14.9,,,
Bhutan,BTN,"Mortality from CVD, cancer, diabetes or CRD between exact ages 30 and 70 (%)",SH.DYN.NCOM.ZS,,18,17.8,17.8,17.7,17.8,17.7,17.4,17.5,17.2,16.7,16.5,15.9,,,
Botswana,BWA,"Mortality from CVD, cancer, diabetes or CRD between exact ages 30 and 70 (%)",SH.DYN.NCOM.ZS,,25.2,25.3,25.6,25.7,24.6,23.1,22.8,22.1,20.9,19.5,21.2,19,,,
Central African Republic,CAF,"Mortality from CVD, cancer, diabetes or CRD between exact ages 30 and 70 (%)",SH.DYN.NCOM.ZS,,32.1,34.9,32,32.4,33.1,33,33.2,32.7,32.8,32.5,32.7,30.8,,,
Canada,CAN,"Mortality from CVD, cancer, diabetes or CRD between exact ages 30 and 70 (%)",SH.DYN.NCOM.ZS,,11.1,10.9,10.8,10.6,10.5,10.4,10.4,10,9.8,9.6,10,9.7,,,
Central Europe and the Baltics,CEB,"Mortality from CVD, cancer, diabetes or CRD between exact ages 30 and 70 (%)",SH.DYN.NCOM.ZS,,21.48330035,20.90143271,20.65901322,20.22294065,19.84443806,19.9937393,19.48481976,19.28119975,19.23547435,18.66850322,18.8223382,18.58504574,,,
Switzerland,CHE,"Mortality from CVD, cancer, diabetes or CRD between exact ages 30 and 70 (%)",SH.DYN.NCOM.ZS,,9.7,9.4,9.4,9.1,8.9,8.8,8.5,8.2,8.2,7.9,7.6,7.5,,,
Channel Islands,CHI,"Mortality from CVD, cancer, diabetes or CRD between exact ages 30 and 70 (%)",SH.DYN.NCOM.ZS,,,,,,,,,,,,,,,,
Chile,CHL,"Mortality from CVD, cancer, diabetes or CRD between exact ages 30 and 70 (%)",SH.DYN.NCOM.ZS,,12.9,12.6,12.4,12.1,11.8,11.5,11,10.6,10.4,10.2,9.9,9.4,,,
China,CHN,"Mortality from CVD, cancer, diabetes or CRD between exact ages 30 and 70 (%)",SH.DYN.NCOM.ZS,,19.4,19,18.7,18.1,17.5,17.1,16.8,16.5,16.2,16,15.8,15.9,,,
Cote d'Ivoire,CIV,"Mortality from CVD, cancer, diabetes or CRD between exact ages 30 and 70 (%)",SH.DYN.NCOM.ZS,,24.6,25.1,25.3,25.1,24.5,24.1,23.8,23.6,23.5,23.3,23.8,22.7,,,
Cameroon,CMR,"Mortality from CVD, cancer, diabetes or CRD between exact ages 30 and 70 (%)",SH.DYN.NCOM.ZS,,27,26.8,27,27,27.2,26.8,26.3,25.7,25.2,24.9,25.3,24.3,,,
"Congo, Dem. Rep.",COD,"Mortality from CVD, cancer, diabetes or CRD between exact ages 30 and 70 (%)",SH.DYN.NCOM.ZS,,26,25.7,25.5,25.3,25.2,25.2,25.1,25.2,25.1,24.7,25.5,25.1,,,
"Congo, Rep.",COG,"Mortality from CVD, cancer, diabetes or CRD between exact ages 30 and 70 (%)",SH.DYN.NCOM.ZS,,26.2,25.9,25.8,25.2,24.4,23.4,22.4,21.9,22.4,23,21.9,21.2,,,
Colombia,COL,"Mortality from CVD, cancer, diabetes or CRD between exact ages 30 and 70 (%)",SH.DYN.NCOM.ZS,,11.5,10.9,10.6,10.5,10.4,10.5,10.5,10.3,10.5,10.3,10.4,10.3,,,
Comoros,COM,"Mortality from CVD, cancer, diabetes or CRD between exact ages 30 and 70 (%)",SH.DYN.NCOM.ZS,,21.3,21.3,21.1,20.9,21.3,21.2,21.1,20.8,20.5,20.3,21,20.2,,,
Cabo Verde,CPV,"Mortality from CVD, cancer, diabetes or CRD between exact ages 30 and 70 (%)",SH.DYN.NCOM.ZS,,14.3,14.4,14.7,14.7,14.5,14.6,14.7,14.9,17.3,17.3,17.4,17.2,,,
Costa Rica,CRI,"Mortality from CVD, cancer, diabetes or CRD between exact ages 30 and 70 (%)",SH.DYN.NCOM.ZS,,10.9,10.1,10.1,9.9,9.6,9.6,9.8,10,9.9,9.9,10.1,9.9,,,
Caribbean small states,CSS,"Mortality from CVD, cancer, diabetes or CRD between exact ages 30 and 70 (%)",SH.DYN.NCOM.ZS,,22.10532053,21.74797022,21.5039462,21.63374968,21.75014936,21.60733518,21.40868486,21.23958112,21.23091824,21.45769006,21.46356974,19.30598247,,,
Cuba,CUB,"Mortality from CVD, cancer, diabetes or CRD between exact ages 30 and 70 (%)",SH.DYN.NCOM.ZS,,17.2,16.2,16.2,16.4,16.5,16.6,16.3,16.9,16.6,16.8,16.9,17.6,,,
Curacao,CUW,"Mortality from CVD, cancer, diabetes or CRD between exact ages 30 and 70 (%)",SH.DYN.NCOM.ZS,,,,,,,,,,,,,,,,
Cayman Islands,CYM,"Mortality from CVD, cancer, diabetes or CRD between exact ages 30 and 70 (%)",SH.DYN.NCOM.ZS,,,,,,,,,,,,,,,,
Cyprus,CYP,"Mortality from CVD, cancer, diabetes or CRD between exact ages 30 and 70 (%)",SH.DYN.NCOM.ZS,,10.4,9.9,10,9.6,9.9,9.9,9.7,9.6,9.2,9,9.2,8.5,,,
Czechia,CZE,"Mortality from CVD, cancer, diabetes or CRD between exact ages 30 and 70 (%)",SH.DYN.NCOM.ZS,,17.8,17.4,16.9,16.8,15.7,15.6,15,14.9,14.8,14.3,14.4,14.2,,,
Germany,DEU,"Mortality from CVD, cancer, diabetes or CRD between exact ages 30 and 70 (%)",SH.DYN.NCOM.ZS,,13,12.8,12.5,12.8,12.3,12.5,12.4,12.1,12.1,11.8,11.7,11.6,,,
Djibouti,DJI,"Mortality from CVD, cancer, diabetes or CRD between exact ages 30 and 70 (%)",SH.DYN.NCOM.ZS,,20.3,20.8,20.9,21,21.5,21.5,21.7,21.9,21.8,21.5,21.5,20.6,,,
Dominica,DMA,"Mortality from CVD, cancer, diabetes or CRD between exact ages 30 and 70 (%)",SH.DYN.NCOM.ZS,,,,,,,,,,,,,,,,
Denmark,DNK,"Mortality from CVD, cancer, diabetes or CRD between exact ages 30 and 70 (%)",SH.DYN.NCOM.ZS,,13.5,12.9,12.7,12.3,12.3,11.9,11.8,11.2,11.3,11.1,10.6,10.7,,,
Dominican Republic,DOM,"Mortality from CVD, cancer, diabetes or CRD between exact ages 30 and 70 (%)",SH.DYN.NCOM.ZS,,16.3,16.4,17.4,18.4,19,19.2,19.3,19.4,19.2,18.6,19.1,17.4,,,
Algeria,DZA,"Mortality from CVD, cancer, diabetes or CRD between exact ages 30 and 70 (%)",SH.DYN.NCOM.ZS,,15.2,15.1,14.8,14.5,14.3,14.2,14.1,14.1,14,14,12.7,13.3,,,
East Asia & Pacific (excluding high income),EAP,"Mortality from CVD, cancer, diabetes or CRD between exact ages 30 and 70 (%)",SH.DYN.NCOM.ZS,,20.62851294,20.27884316,20.01390464,19.53449188,19.11048652,18.84055142,18.62054819,18.30652115,18.07427686,17.94505769,17.65060568,17.81395007,,,
Early-demographic dividend,EAR,"Mortality from CVD, cancer, diabetes or CRD between exact ages 30 and 70 (%)",SH.DYN.NCOM.ZS,,22.58712976,22.47393722,22.36903088,21.92627322,21.77476689,22.02045966,22.03282969,21.93581079,22.11888003,22.09855591,21.86360011,21.77948804,,,
East Asia & Pacific,EAS,"Mortality from CVD, cancer, diabetes or CRD between exact ages 30 and 70 (%)",SH.DYN.NCOM.ZS,,19.50089847,19.18520446,18.93126399,18.4852672,18.09348562,17.83026399,17.63693944,17.35022634,17.13943671,17.02918434,16.75653172,16.9097548,,,
Europe & Central Asia (excluding high income),ECA,"Mortality from CVD, cancer, diabetes or CRD between exact ages 30 and 70 (%)",SH.DYN.NCOM.ZS,,26.17190743,25.36078407,24.69448428,23.88852303,23.79544604,23.02312877,22.6532118,22.11019274,21.90120138,21.46244375,21.01075621,20.18306111,,,
Europe & Central Asia,ECS,"Mortality from CVD, cancer, diabetes or CRD between exact ages 30 and 70 (%)",SH.DYN.NCOM.ZS,,19.4686637,18.8210982,18.33493204,17.88341638,17.9518923,17.49233794,17.31448889,16.90130838,16.8496194,16.3691096,15.88328152,15.74965908,,,
Ecuador,ECU,"Mortality from CVD, cancer, diabetes or CRD between exact ages 30 and 70 (%)",SH.DYN.NCOM.ZS,,13.1,12.9,12.9,12.4,12,11.9,12.1,11.9,11.7,11.5,14,13.2,,,
"Egypt, Arab Rep.",EGY,"Mortality from CVD, cancer, diabetes or CRD between exact ages 30 and 70 (%)",SH.DYN.NCOM.ZS,,29.9,29.1,29.7,28.4,28.8,30.1,28.9,27.5,27.8,27.4,26,26,,,
Euro area,EMU,"Mortality from CVD, cancer, diabetes or CRD between exact ages 30 and 70 (%)",SH.DYN.NCOM.ZS,,12.33420049,12.15603316,11.93630472,11.76977334,11.44665159,11.48599345,11.26880982,11.1115436,10.95819838,10.64746642,10.49490603,10.54824325,,,
Eritrea,ERI,"Mortality from CVD, cancer, diabetes or CRD between exact ages 30 and 70 (%)",SH.DYN.NCOM.ZS,,30,29.5,29,28.9,28.5,28.4,28,27.8,27.7,27.3,27.9,27.3,,,
Spain,ESP,"Mortality from CVD, cancer, diabetes or CRD between exact ages 30 and 70 (%)",SH.DYN.NCOM.ZS,,11.1,10.9,10.7,10.4,10.2,10.3,10.1,10,9.9,9.6,9.4,9.3,,,
Estonia,EST,"Mortality from CVD, cancer, diabetes or CRD between exact ages 30 and 70 (%)",SH.DYN.NCOM.ZS,,19.9,19.2,18.9,18.2,18,17.1,17.2,16.5,16.5,15.1,15.4,15.5,,,
Ethiopia,ETH,"Mortality from CVD, cancer, diabetes or CRD between exact ages 30 and 70 (%)",SH.DYN.NCOM.ZS,,18.8,18.4,17.9,17.2,16.9,17.2,17.1,17.1,17.1,17.2,17.3,16.8,,,
European Union,EUU,"Mortality from CVD, cancer, diabetes or CRD between exact ages 30 and 70 (%)",SH.DYN.NCOM.ZS,,14.14885633,13.88941003,13.68143246,13.45919961,13.13614505,13.18616599,12.9182984,12.74966492,12.62184697,12.26008437,12.15612738,12.11536306,,,
Fragile and conflict affected situations,FCS,"Mortality from CVD, cancer, diabetes or CRD between exact ages 30 and 70 (%)",SH.DYN.NCOM.ZS,,23.85943756,23.54406266,23.33296386,23.03209846,22.96984494,22.78644267,22.72252374,22.52798627,22.62388448,22.50382977,22.94912922,22.1306393,,,
Finland,FIN,"Mortality from CVD, cancer, diabetes or CRD between exact ages 30 and 70 (%)",SH.DYN.NCOM.ZS,,12,11.7,11.4,11.1,10.7,10.7,10.4,10.3,10,9.6,9.7,9.6,,,
Fiji,FJI,"Mortality from CVD, cancer, diabetes or CRD between exact ages 30 and 70 (%)",SH.DYN.NCOM.ZS,,41.3,40.8,40.4,40.2,40,39.7,39.4,39.3,39,38.8,38.6,37.9,,,
France,FRA,"Mortality from CVD, cancer, diabetes or CRD between exact ages 30 and 70 (%)",SH.DYN.NCOM.ZS,,11.8,11.5,11.4,11.2,11,10.8,10.8,10.7,10.3,10.1,10,10.2,,,
Faroe Islands,FRO,"Mortality from CVD, cancer, diabetes or CRD between exact ages 30 and 70 (%)",SH.DYN.NCOM.ZS,,,,,,,,,,,,,,,,
"Micronesia, Fed. Sts.",FSM,"Mortality from CVD, cancer, diabetes or CRD between exact ages 30 and 70 (%)",SH.DYN.NCOM.ZS,,40.1,40,39.9,39.7,39,39.7,39.2,39.1,39.2,39.1,40.7,40.5,,,
Gabon,GAB,"Mortality from CVD, cancer, diabetes or CRD between exact ages 30 and 70 (%)",SH.DYN.NCOM.ZS,,22.9,22.7,21.9,22,23.5,23.5,22.8,22.2,21.9,21.5,19.2,18.1,,,
United Kingdom,GBR,"Mortality from CVD, cancer, diabetes or CRD between exact ages 30 and 70 (%)",SH.DYN.NCOM.ZS,,12.4,11.9,11.7,11.5,11.3,11.3,11.3,11,11.3,10.7,10.8,11,,,
Georgia,GEO,"Mortality from CVD, cancer, diabetes or CRD between exact ages 30 and 70 (%)",SH.DYN.NCOM.ZS,,28.2,25.9,25.3,24.3,24.2,24.4,24.5,22.9,22.8,22.4,22.6,22.1,,,
Ghana,GHA,"Mortality from CVD, cancer, diabetes or CRD between exact ages 30 and 70 (%)",SH.DYN.NCOM.ZS,,25.4,25.4,25,24.7,24.4,24.2,23.9,23.6,23.2,22.8,22.8,22.2,,,
Gibraltar,GIB,"Mortality from CVD, cancer, diabetes or CRD between exact ages 30 and 70 (%)",SH.DYN.NCOM.ZS,,,,,,,,,,,,,,,,
Guinea,GIN,"Mortality from CVD, cancer, diabetes or CRD between exact ages 30 and 70 (%)",SH.DYN.NCOM.ZS,,26.4,26.3,26.2,25.9,25.9,25.8,25.5,25.3,24.9,24.5,24.4,23.6,,,
"Gambia, The",GMB,"Mortality from CVD, cancer, diabetes or CRD between exact ages 30 and 70 (%)",SH.DYN.NCOM.ZS,,22.8,23,23.1,22.9,23.1,23,23,23.1,22.9,23,22.9,21.8,,,
Guinea-Bissau,GNB,"Mortality from CVD, cancer, diabetes or CRD between exact ages 30 and 70 (%)",SH.DYN.NCOM.ZS,,28.1,27.4,26.9,26.6,26.7,26.9,26.6,26.4,25.7,26.1,26.8,25.3,,,
Equatorial Guinea,GNQ,"Mortality from CVD, cancer, diabetes or CRD between exact ages 30 and 70 (%)",SH.DYN.NCOM.ZS,,20.2,20.2,19.9,18.8,18.5,19.1,19.8,20.2,21,21.1,21.1,20.3,,,
Greece,GRC,"Mortality from CVD, cancer, diabetes or CRD between exact ages 30 and 70 (%)",SH.DYN.NCOM.ZS,,12.9,13,13.2,12.9,12.5,12.7,12.3,12.3,11.9,12,12,12,,,
Grenada,GRD,"Mortality from CVD, cancer, diabetes or CRD between exact ages 30 and 70 (%)",SH.DYN.NCOM.ZS,,22.5,22.7,22.7,22.3,22.3,22.6,22.5,22.7,22.5,22.6,17.3,17.1,,,
Greenland,GRL,"Mortality from CVD, cancer, diabetes or CRD between exact ages 30 and 70 (%)",SH.DYN.NCOM.ZS,,,,,,,,,,,,,,,,
Guatemala,GTM,"Mortality from CVD, cancer, diabetes or CRD between exact ages 30 and 70 (%)",SH.DYN.NCOM.ZS,,14.7,14.7,14.9,15.3,15.3,15.7,15.8,15.2,15.8,15.5,16,14.6,,,
Guam,GUM,"Mortality from CVD, cancer, diabetes or CRD between exact ages 30 and 70 (%)",SH.DYN.NCOM.ZS,,,,,,,,,,,,,,,,
Guyana,GUY,"Mortality from CVD, cancer, diabetes or CRD between exact ages 30 and 70 (%)",SH.DYN.NCOM.ZS,,29.9,29.6,29.3,29.3,29.1,28.9,28.1,27.4,26.9,27.8,29.7,25.4,,,
High income,HIC,"Mortality from CVD, cancer, diabetes or CRD between exact ages 30 and 70 (%)",SH.DYN.NCOM.ZS,,15.19124329,14.74960129,14.41130361,14.1072495,14.08923287,13.8575937,13.73759761,13.44996231,13.35612032,12.99965326,12.78350121,12.81519217,,,
"Hong Kong SAR, China",HKG,"Mortality from CVD, cancer, diabetes or CRD between exact ages 30 and 70 (%)",SH.DYN.NCOM.ZS,,,,,,,,,,,,,,,,
Honduras,HND,"Mortality from CVD, cancer, diabetes or CRD between exact ages 30 and 70 (%)",SH.DYN.NCOM.ZS,,17.7,18,21.5,21.6,21.7,22,20.5,20.7,20.4,20.3,19.6,17.8,,,
Heavily indebted poor countries (HIPC),HPC,"Mortality from CVD, cancer, diabetes or CRD between exact ages 30 and 70 (%)",SH.DYN.NCOM.ZS,,23.99257879,23.90144433,23.74810872,23.5470466,23.42985418,23.35237479,23.24899618,23.15324509,23.05761793,22.93063951,23.16084484,22.43621502,,,
Croatia,HRV,"Mortality from CVD, cancer, diabetes or CRD between exact ages 30 and 70 (%)",SH.DYN.NCOM.ZS,,18.3,18,17.6,17,16.8,17.2,16.6,16.5,16.5,15.9,15.8,15.9,,,
Haiti,HTI,"Mortality from CVD, cancer, diabetes or CRD between exact ages 30 and 70 (%)",SH.DYN.NCOM.ZS,,33.3,33.2,33.3,33.2,33,33.1,32.6,32.4,32.6,32.7,33.1,31.6,,,
Hungary,HUN,"Mortality from CVD, cancer, diabetes or CRD between exact ages 30 and 70 (%)",SH.DYN.NCOM.ZS,,24.5,24.5,23.8,23.1,23,23.2,22.8,23.1,22.7,22.1,21.8,21.7,,,
IBRD only,IBD,"Mortality from CVD, cancer, diabetes or CRD between exact ages 30 and 70 (%)",SH.DYN.NCOM.ZS,,21.09425767,20.81722054,20.57658086,20.06845302,19.82807188,19.77585839,19.69807793,19.45750725,19.49245208,19.37538915,19.05550997,19.16543586,,,
IDA & IBRD total,IBT,"Mortality from CVD, cancer, diabetes or CRD between exact ages 30 and 70 (%)",SH.DYN.NCOM.ZS,,21.62404324,21.3461441,21.09853865,20.65048001,20.42621366,20.36097517,20.27648655,20.06596191,20.08018941,19.96149677,19.73192219,19.6726047,,,
IDA total,IDA,"Mortality from CVD, cancer, diabetes or CRD between exact ages 30 and 70 (%)",SH.DYN.NCOM.ZS,,24.09410031,23.78654015,23.48577484,23.29485451,23.12366737,22.97944052,22.8430942,22.7422837,22.64040219,22.48573975,22.60841365,21.79864459,,,
IDA blend,IDB,"Mortality from CVD, cancer, diabetes or CRD between exact ages 30 and 70 (%)",SH.DYN.NCOM.ZS,,24.97838256,24.72689286,24.40163959,24.30576232,24.09927056,23.81320899,23.61033995,23.37379429,23.10795372,22.85533665,23.20282425,22.32592497,,,
Indonesia,IDN,"Mortality from CVD, cancer, diabetes or CRD between exact ages 30 and 70 (%)",SH.DYN.NCOM.ZS,,26,25.7,25.5,25.3,25.1,25,24.7,24.5,24.3,24.2,23.8,21.9,,,
IDA only,IDX,"Mortality from CVD, cancer, diabetes or CRD between exact ages 30 and 70 (%)",SH.DYN.NCOM.ZS,,23.64972463,23.31314634,23.02436712,22.78468303,22.63105088,22.55870572,22.45678083,22.42481428,22.40555236,22.30037955,22.31073386,21.53465661,,,
Isle of Man,IMN,"Mortality from CVD, cancer, diabetes or CRD between exact ages 30 and 70 (%)",SH.DYN.NCOM.ZS,,,,,,,,,,,,,,,,
India,IND,"Mortality from CVD, cancer, diabetes or CRD between exact ages 30 and 70 (%)",SH.DYN.NCOM.ZS,,22.6,22.9,22.9,22.3,22,22.6,22.8,23,23.6,23.7,23.3,23.6,,,
Not classified,INX,"Mortality from CVD, cancer, diabetes or CRD between exact ages 30 and 70 (%)",SH.DYN.NCOM.ZS,,,,,,,,,,,,,,,,
Ireland,IRL,"Mortality from CVD, cancer, diabetes or CRD between exact ages 30 and 70 (%)",SH.DYN.NCOM.ZS,,11.5,11.9,11.6,11.4,10.9,10.6,10.5,10.4,10.1,9.9,9.6,9.6,,,
"Iran, Islamic Rep.",IRN,"Mortality from CVD, cancer, diabetes or CRD between exact ages 30 and 70 (%)",SH.DYN.NCOM.ZS,,15.2,14.9,14.9,15,15.2,15.3,15.2,15.1,14.9,14.9,13.9,13.9,,,
Iraq,IRQ,"Mortality from CVD, cancer, diabetes or CRD between exact ages 30 and 70 (%)",SH.DYN.NCOM.ZS,,24.8,24.5,24,23.6,23,22.5,22.2,22,22.2,22.4,24.6,22.7,,,
Iceland,ISL,"Mortality from CVD, cancer, diabetes or CRD between exact ages 30 and 70 (%)",SH.DYN.NCOM.ZS,,9.9,9.7,9.4,9.3,9.3,9.2,8.7,8.5,8.3,8.6,8.2,8.5,,,
Israel,ISR,"Mortality from CVD, cancer, diabetes or CRD between exact ages 30 and 70 (%)",SH.DYN.NCOM.ZS,,10.4,10,9.8,9.9,9.5,9.5,9.1,9,9,8.9,8.4,7.6,,,
Italy,ITA,"Mortality from CVD, cancer, diabetes or CRD between exact ages 30 and 70 (%)",SH.DYN.NCOM.ZS,,10.4,10.6,10.4,10,9.8,9.8,9.3,9.4,9.3,8.9,8.8,9.1,,,
Jamaica,JAM,"Mortality from CVD, cancer, diabetes or CRD between exact ages 30 and 70 (%)",SH.DYN.NCOM.ZS,,14.6,17.2,15.2,15.3,17.2,19.7,19.4,19.7,19.2,19.3,18.3,20.2,,,
Jordan,JOR,"Mortality from CVD, cancer, diabetes or CRD between exact ages 30 and 70 (%)",SH.DYN.NCOM.ZS,,17.9,17.4,16.9,16.2,15.5,14.6,14,13.4,12.8,12.7,12.9,11.6,,,
Japan,JPN,"Mortality from CVD, cancer, diabetes or CRD between exact ages 30 and 70 (%)",SH.DYN.NCOM.ZS,,9.6,9.6,9.4,9.2,9,8.7,8.7,8.6,8.4,8.3,8.2,8,,,
Kazakhstan,KAZ,"Mortality from CVD, cancer, diabetes or CRD between exact ages 30 and 70 (%)",SH.DYN.NCOM.ZS,,31.5,30.3,29.2,27.1,26.1,25.5,25.1,24,24,23.8,23.2,21.2,,,
Kenya,KEN,"Mortality from CVD, cancer, diabetes or CRD between exact ages 30 and 70 (%)",SH.DYN.NCOM.ZS,,18.6,18.9,17.1,17.9,18.1,18.3,18.2,18.7,19.4,19.1,18.8,18,,,
Kyrgyz Republic,KGZ,"Mortality from CVD, cancer, diabetes or CRD between exact ages 30 and 70 (%)",SH.DYN.NCOM.ZS,,28,28.6,27.2,26.5,26.5,25.2,23.2,23.7,23.1,22.7,21.8,18.8,,,
Cambodia,KHM,"Mortality from CVD, cancer, diabetes or CRD between exact ages 30 and 70 (%)",SH.DYN.NCOM.ZS,,24.4,24.2,24.1,23.8,23.7,23.6,23.5,23.4,23.4,23.3,23.5,22.6,,,
Kiribati,KIR,"Mortality from CVD, cancer, diabetes or CRD between exact ages 30 and 70 (%)",SH.DYN.NCOM.ZS,,42.6,42.8,42.4,42.2,42,41.8,41.6,41.2,40.7,40.6,42.5,44.1,,,
St. Kitts and Nevis,KNA,"Mortality from CVD, cancer, diabetes or CRD between exact ages 30 and 70 (%)",SH.DYN.NCOM.ZS,,,,,,,,,,,,,,,,
"Korea, Rep.",KOR,"Mortality from CVD, cancer, diabetes or CRD between exact ages 30 and 70 (%)",SH.DYN.NCOM.ZS,,10.9,10.3,9.8,9.2,8.9,8.4,8.2,7.7,7.5,7.3,7,6.9,,,
Kuwait,KWT,"Mortality from CVD, cancer, diabetes or CRD between exact ages 30 and 70 (%)",SH.DYN.NCOM.ZS,,13.1,11.7,11.8,11.1,10.8,11.5,10.5,10.5,9.9,10.1,11,9.3,,,
Latin America & Caribbean (excluding high income),LAC,"Mortality from CVD, cancer, diabetes or CRD between exact ages 30 and 70 (%)",SH.DYN.NCOM.ZS,,16.16959786,15.90543837,15.69247894,15.49714481,15.33941315,15.36553354,15.45623934,15.13814304,14.95874633,14.8445533,15.11682527,14.75381847,,,
Lao PDR,LAO,"Mortality from CVD, cancer, diabetes or CRD between exact ages 30 and 70 (%)",SH.DYN.NCOM.ZS,,29.2,28.6,28.2,28,27.9,27.6,27.4,27.2,27.2,27.1,28.1,26.5,,,
Lebanon,LBN,"Mortality from CVD, cancer, diabetes or CRD between exact ages 30 and 70 (%)",SH.DYN.NCOM.ZS,,14.1,14.2,14.2,14.2,13.9,13.6,12.9,12.5,12.1,12.1,12.7,11.9,,,
Liberia,LBR,"Mortality from CVD, cancer, diabetes or CRD between exact ages 30 and 70 (%)",SH.DYN.NCOM.ZS,,23.6,24.1,23.7,22.9,22.6,22.7,22.5,22.4,22,22,22.4,22,,,
Libya,LBY,"Mortality from CVD, cancer, diabetes or CRD between exact ages 30 and 70 (%)",SH.DYN.NCOM.ZS,,20,20.6,19.5,18.7,19.9,20.4,20.9,21.3,21.4,20.9,20.7,19.8,,,
St. Lucia,LCA,"Mortality from CVD, cancer, diabetes or CRD between exact ages 30 and 70 (%)",SH.DYN.NCOM.ZS,,16.9,16.3,16.5,16.3,16.2,16.3,16.5,16.4,16.3,16.2,16.4,15.5,,,
Latin America & Caribbean,LCN,"Mortality from CVD, cancer, diabetes or CRD between exact ages 30 and 70 (%)",SH.DYN.NCOM.ZS,,16.02810967,15.80145976,15.58661943,15.38716473,15.25915356,15.29448253,15.42984483,15.09201183,14.91791853,14.81845553,15.06362229,14.73059683,,,
Least developed countries: UN classification,LDC,"Mortality from CVD, cancer, diabetes or CRD between exact ages 30 and 70 (%)",SH.DYN.NCOM.ZS,,23.92621604,23.52782026,23.19939593,22.95173305,22.77999128,22.74329004,22.69290866,22.67603256,22.71901378,22.66477038,22.80975737,21.98356032,,,
Low income,LIC,"Mortality from CVD, cancer, diabetes or CRD between exact ages 30 and 70 (%)",SH.DYN.NCOM.ZS,,24.70847063,24.58283856,24.33738501,24.15512583,24.06763642,24.07814358,23.99392026,23.89169381,23.77907167,23.64801885,23.89071891,23.03151443,,,
Liechtenstein,LIE,"Mortality from CVD, cancer, diabetes or CRD between exact ages 30 and 70 (%)",SH.DYN.NCOM.ZS,,,,,,,,,,,,,,,,
Sri Lanka,LKA,"Mortality from CVD, cancer, diabetes or CRD between exact ages 30 and 70 (%)",SH.DYN.NCOM.ZS,,18.2,18.3,17.6,17.5,17.2,16.9,16.4,16.2,16,15.6,12,13.9,,,
Lower middle income,LMC,"Mortality from CVD, cancer, diabetes or CRD between exact ages 30 and 70 (%)",SH.DYN.NCOM.ZS,,23.26297921,23.26356471,23.17348096,22.73747266,22.53132094,22.81947818,22.83694692,22.78547025,23.06943984,23.06366565,22.75963008,22.92853613,,,
Low & middle income,LMY,"Mortality from CVD, cancer, diabetes or CRD between exact ages 30 and 70 (%)",SH.DYN.NCOM.ZS,,21.40024765,21.18438877,20.97376537,20.54695014,20.26955008,20.26240369,20.17015873,19.99408147,20.00162147,19.91663965,19.73242582,19.66271389,,,
Lesotho,LSO,"Mortality from CVD, cancer, diabetes or CRD between exact ages 30 and 70 (%)",SH.DYN.NCOM.ZS,,34.5,35.2,31.4,33.3,36.5,38,38,36.9,36.9,36.9,37.5,36.3,,,
Late-demographic dividend,LTE,"Mortality from CVD, cancer, diabetes or CRD between exact ages 30 and 70 (%)",SH.DYN.NCOM.ZS,,20.06235588,19.57328245,19.15834399,18.62338324,18.26637606,17.89225571,17.66749437,17.29260744,17.0546794,16.79957458,16.38477703,16.45787965,,,
Lithuania,LTU,"Mortality from CVD, cancer, diabetes or CRD between exact ages 30 and 70 (%)",SH.DYN.NCOM.ZS,,23.7,23.7,22.9,22.2,21.4,22.2,21.4,19.9,19.9,19.8,20.7,19.8,,,
Luxembourg,LUX,"Mortality from CVD, cancer, diabetes or CRD between exact ages 30 and 70 (%)",SH.DYN.NCOM.ZS,,11.5,11.1,10.6,10.2,9.9,9.6,9.3,9.2,8.9,8.6,8.1,7.8,,,
Latvia,LVA,"Mortality from CVD, cancer, diabetes or CRD between exact ages 30 and 70 (%)",SH.DYN.NCOM.ZS,,26.1,25.2,24.1,23.6,23.3,22.1,22.1,22.4,22.2,21.1,21.1,22.7,,,
"Macao SAR, China",MAC,"Mortality from CVD, cancer, diabetes or CRD between exact ages 30 and 70 (%)",SH.DYN.NCOM.ZS,,,,,,,,,,,,,,,,
St. Martin (French part),MAF,"Mortality from CVD, cancer, diabetes or CRD between exact ages 30 and 70 (%)",SH.DYN.NCOM.ZS,,,,,,,,,,,,,,,,
Morocco,MAR,"Mortality from CVD, cancer, diabetes or CRD between exact ages 30 and 70 (%)",SH.DYN.NCOM.ZS,,22.9,22.9,22.7,22.6,22.6,22.7,22.6,22.6,22.7,22.6,22.6,22,,,
Monaco,MCO,"Mortality from CVD, cancer, diabetes or CRD between exact ages 30 and 70 (%)",SH.DYN.NCOM.ZS,,,,,,,,,,,,,,,,
Moldova,MDA,"Mortality from CVD, cancer, diabetes or CRD between exact ages 30 and 70 (%)",SH.DYN.NCOM.ZS,,31.8,28.2,26.7,25.2,25.3,26.3,25.6,24,24.1,24,23.7,24.7,,,
Madagascar,MDG,"Mortality from CVD, cancer, diabetes or CRD between exact ages 30 and 70 (%)",SH.DYN.NCOM.ZS,,27.8,27.7,27.2,27,27.2,26.8,26.9,26.6,26.5,26.5,27,25.9,,,
Maldives,MDV,"Mortality from CVD, cancer, diabetes or CRD between exact ages 30 and 70 (%)",SH.DYN.NCOM.ZS,,20.7,19.8,18.6,17.3,16,15.1,14.2,13.6,12.9,12.6,11.2,9,,,
Middle East & North Africa,MEA,"Mortality from CVD, cancer, diabetes or CRD between exact ages 30 and 70 (%)",SH.DYN.NCOM.ZS,,20.62708163,20.1665612,20.05024804,19.58639191,19.5836572,19.78015777,19.39020721,19.09098663,19.14011065,19.08120325,18.5988211,18.30033679,,,
Mexico,MEX,"Mortality from CVD, cancer, diabetes or CRD between exact ages 30 and 70 (%)",SH.DYN.NCOM.ZS,,16.4,15.8,15.8,15.4,15.8,15.8,16.1,15.7,15.3,15.3,16.7,16.3,,,
Marshall Islands,MHL,"Mortality from CVD, cancer, diabetes or CRD between exact ages 30 and 70 (%)",SH.DYN.NCOM.ZS,,,,,,,,,,,,,,,,
Middle income,MIC,"Mortality from CVD, cancer, diabetes or CRD between exact ages 30 and 70 (%)",SH.DYN.NCOM.ZS,,21.18189232,20.95794621,20.74796275,20.30340768,20.01181334,20.00171532,19.90650048,19.72236165,19.73481993,19.64910771,19.42957971,19.41314843,,,
North Macedonia,MKD,"Mortality from CVD, cancer, diabetes or CRD between exact ages 30 and 70 (%)",SH.DYN.NCOM.ZS,,22.7,22.6,21.9,21,21.4,21.5,20.8,20,20,19.3,19.8,19.6,,,
Mali,MLI,"Mortality from CVD, cancer, diabetes or CRD between exact ages 30 and 70 (%)",SH.DYN.NCOM.ZS,,24.9,24.9,25.1,25.2,25.3,25.4,25.1,24.8,24.6,24.2,24.2,23,,,
Malta,MLT,"Mortality from CVD, cancer, diabetes or CRD between exact ages 30 and 70 (%)",SH.DYN.NCOM.ZS,,11.8,11.5,11.1,10.9,10.8,10.7,10.6,10.4,10.1,10,9.7,9.8,,,
Myanmar,MMR,"Mortality from CVD, cancer, diabetes or CRD between exact ages 30 and 70 (%)",SH.DYN.NCOM.ZS,,28.3,27.5,27.1,26.5,26.2,26.2,25.9,25.5,25.7,25.6,25.8,24,,,
Middle East & North Africa (excluding high income),MNA,"Mortality from CVD, cancer, diabetes or CRD between exact ages 30 and 70 (%)",SH.DYN.NCOM.ZS,,21.64323452,21.29053668,21.29847294,20.85965217,20.89207486,21.16449529,20.75458413,20.34320525,20.36161741,20.2720635,19.77505522,19.39493303,,,
Montenegro,MNE,"Mortality from CVD, cancer, diabetes or CRD between exact ages 30 and 70 (%)",SH.DYN.NCOM.ZS,,22.1,21.7,21.3,20.9,20.8,20.6,20.4,20.5,20.4,20.9,21.4,18,,,
Mongolia,MNG,"Mortality from CVD, cancer, diabetes or CRD between exact ages 30 and 70 (%)",SH.DYN.NCOM.ZS,,35.9,34.5,33.1,32.4,31.6,31,30.4,29.6,29.2,28.7,24.5,26.3,,,
Northern Mariana Islands,MNP,"Mortality from CVD, cancer, diabetes or CRD between exact ages 30 and 70 (%)",SH.DYN.NCOM.ZS,,,,,,,,,,,,,,,,
Mozambique,MOZ,"Mortality from CVD, cancer, diabetes or CRD between exact ages 30 and 70 (%)",SH.DYN.NCOM.ZS,,27.9,28.1,28,28.7,29.7,29.6,30.2,30.3,29.8,28.7,28.8,26.6,,,
Mauritania,MRT,"Mortality from CVD, cancer, diabetes or CRD between exact ages 30 and 70 (%)",SH.DYN.NCOM.ZS,,18.1,17.8,18.3,18,18.1,18.1,18.1,18.3,18.3,18.4,18.8,18.7,,,
Mauritius,MUS,"Mortality from CVD, cancer, diabetes or CRD between exact ages 30 and 70 (%)",SH.DYN.NCOM.ZS,,24.3,23.9,24,23.4,23.2,23.4,22.9,22.9,23,22.8,22.8,21.7,,,
Malawi,MWI,"Mortality from CVD, cancer, diabetes or CRD between exact ages 30 and 70 (%)",SH.DYN.NCOM.ZS,,24.2,24.3,24.4,24,24.2,24.6,25.1,25.8,26,26.1,26.1,24.9,,,
Malaysia,MYS,"Mortality from CVD, cancer, diabetes or CRD between exact ages 30 and 70 (%)",SH.DYN.NCOM.ZS,,19.2,19,18.3,17.9,18.1,19.4,19.6,19.8,19.9,19.7,17.4,19.9,,,
North America,NAC,"Mortality from CVD, cancer, diabetes or CRD between exact ages 30 and 70 (%)",SH.DYN.NCOM.ZS,,14.14497644,13.9445172,13.84351583,13.64231869,13.54151467,13.6208272,13.53082897,13.30886751,13.10703316,12.81531958,13.21582071,13.2723373,,,
Namibia,NAM,"Mortality from CVD, cancer, diabetes or CRD between exact ages 30 and 70 (%)",SH.DYN.NCOM.ZS,,23.9,22.5,22.1,22.1,22.8,23.7,23.4,23.2,23.1,22.8,23.6,23.1,,,
New Caledonia,NCL,"Mortality from CVD, cancer, diabetes or CRD between exact ages 30 and 70 (%)",SH.DYN.NCOM.ZS,,,,,,,,,,,,,,,,
Niger,NER,"Mortality from CVD, cancer, diabetes or CRD between exact ages 30 and 70 (%)",SH.DYN.NCOM.ZS,,19.8,20.2,20.6,20.8,20.9,20.9,20.8,20.7,20.7,20.6,20.6,20.2,,,
Nigeria,NGA,"Mortality from CVD, cancer, diabetes or CRD between exact ages 30 and 70 (%)",SH.DYN.NCOM.ZS,,18.3,18.1,18,17.9,17.6,17.4,17.3,17.1,17.1,17.1,17.9,17.7,,,
Nicaragua,NIC,"Mortality from CVD, cancer, diabetes or CRD between exact ages 30 and 70 (%)",SH.DYN.NCOM.ZS,,13.6,14,14.2,13.9,14,12.9,13.6,13.2,13.1,12.8,12.4,12.6,,,
Netherlands,NLD,"Mortality from CVD, cancer, diabetes or CRD between exact ages 30 and 70 (%)",SH.DYN.NCOM.ZS,,12.6,12.1,12,11.6,11.1,11.2,11.1,10.6,10.3,10,9.6,9.9,,,
Norway,NOR,"Mortality from CVD, cancer, diabetes or CRD between exact ages 30 and 70 (%)",SH.DYN.NCOM.ZS,,11.2,10.8,10.6,10.5,9.9,9.5,9.4,9.1,8.7,8.3,8,7.8,,,
Nepal,NPL,"Mortality from CVD, cancer, diabetes or CRD between exact ages 30 and 70 (%)",SH.DYN.NCOM.ZS,,19.1,19.6,20.1,20.3,20.6,20.7,20.5,20.4,20.5,20.4,20.4,19.4,,,
Nauru,NRU,"Mortality from CVD, cancer, diabetes or CRD between exact ages 30 and 70 (%)",SH.DYN.NCOM.ZS,,,,,,,,,,,,,,,,
New Zealand,NZL,"Mortality from CVD, cancer, diabetes or CRD between exact ages 30 and 70 (%)",SH.DYN.NCOM.ZS,,11.8,11.9,11.4,11,10.9,10.9,10.8,11,10.5,10.4,10,10.3,,,
OECD members,OED,"Mortality from CVD, cancer, diabetes or CRD between exact ages 30 and 70 (%)",SH.DYN.NCOM.ZS,,13.33288066,13.09184058,12.92049164,12.70720485,12.53231458,12.51574383,12.38982637,12.16890559,12.02065682,11.78339374,11.84967087,11.81197723,,,
Oman,OMN,"Mortality from CVD, cancer, diabetes or CRD between exact ages 30 and 70 (%)",SH.DYN.NCOM.ZS,,26.9,25.5,23.7,22.5,22.8,22.3,21.9,21.3,20.6,20.3,17.7,14.6,,,
Other small states,OSS,"Mortality from CVD, cancer, diabetes or CRD between exact ages 30 and 70 (%)",SH.DYN.NCOM.ZS,,19.80534254,19.12679269,18.89220571,18.42646142,18.22937136,17.96905024,17.91239072,17.77287343,17.74591709,17.49996427,17.45973614,16.7032211,,,
Pakistan,PAK,"Mortality from CVD, cancer, diabetes or CRD between exact ages 30 and 70 (%)",SH.DYN.NCOM.ZS,,28.1,27.9,27.7,27.7,27.5,27.3,27.1,26.9,26.5,26.3,26.5,25.5,,,
Panama,PAN,"Mortality from CVD, cancer, diabetes or CRD between exact ages 30 and 70 (%)",SH.DYN.NCOM.ZS,,11.5,11.6,11.9,11.6,11.7,11.5,10.9,11.2,11.1,11.1,10.1,10.9,,,
Peru,PER,"Mortality from CVD, cancer, diabetes or CRD between exact ages 30 and 70 (%)",SH.DYN.NCOM.ZS,,9.7,9.6,9.2,8.9,9,8.6,8.3,8.9,9.7,10.7,12.1,12.3,,,
Philippines,PHL,"Mortality from CVD, cancer, diabetes or CRD between exact ages 30 and 70 (%)",SH.DYN.NCOM.ZS,,25,25,25.2,25,25.5,25.3,26.1,24.9,25,25.3,24.9,31.9,,,
Palau,PLW,"Mortality from CVD, cancer, diabetes or CRD between exact ages 30 and 70 (%)",SH.DYN.NCOM.ZS,,,,,,,,,,,,,,,,
Papua New Guinea,PNG,"Mortality from CVD, cancer, diabetes or CRD between exact ages 30 and 70 (%)",SH.DYN.NCOM.ZS,,29.5,29.6,30.3,30.2,30.9,30.9,30.7,30.1,30.2,30.7,30.3,28.5,,,
Poland,POL,"Mortality from CVD, cancer, diabetes or CRD between exact ages 30 and 70 (%)",SH.DYN.NCOM.ZS,,20.6,20,20.2,19.8,19.1,19.5,18.6,18.2,18.2,17.7,17.7,17,,,
Pre-demographic dividend,PRE,"Mortality from CVD, cancer, diabetes or CRD between exact ages 30 and 70 (%)",SH.DYN.NCOM.ZS,,23.0576944,22.97997754,22.72325069,22.65984764,22.50369181,22.38516526,22.31050366,22.24068023,22.30322294,22.23614462,22.68257069,22.00416817,,,
Puerto Rico,PRI,"Mortality from CVD, cancer, diabetes or CRD between exact ages 30 and 70 (%)",SH.DYN.NCOM.ZS,,12.1,12.4,11.6,11.8,11.4,11.2,11.3,11.8,10.6,10.7,10.7,10.1,,,
"Korea, Dem. People's Rep.",PRK,"Mortality from CVD, cancer, diabetes or CRD between exact ages 30 and 70 (%)",SH.DYN.NCOM.ZS,,26.7,26.9,26.7,26.8,26.8,27,26.5,25.5,24.6,24.6,24.3,23.7,,,
Portugal,PRT,"Mortality from CVD, cancer, diabetes or CRD between exact ages 30 and 70 (%)",SH.DYN.NCOM.ZS,,12.4,12.2,12.1,11.8,11.5,11.5,11.5,11.4,11.4,11.2,10.7,10.5,,,
Paraguay,PRY,"Mortality from CVD, cancer, diabetes or CRD between exact ages 30 and 70 (%)",SH.DYN.NCOM.ZS,,18,17.2,17,16.8,16.4,16.6,16.7,16.4,16.5,16.5,15.5,16.1,,,
West Bank and Gaza,PSE,"Mortality from CVD, cancer, diabetes or CRD between exact ages 30 and 70 (%)",SH.DYN.NCOM.ZS,,23,23.2,22.4,21,20.3,20.4,19.6,18.8,18.3,18.5,18.1,18.3,,,
Pacific island small states,PSS,"Mortality from CVD, cancer, diabetes or CRD between exact ages 30 and 70 (%)",SH.DYN.NCOM.ZS,,39.04039398,38.84280428,38.69323735,38.51023232,38.39631666,38.2756167,37.99312879,37.86360986,37.71507146,37.52257412,38.15399403,38.04696774,,,
Post-demographic dividend,PST,"Mortality from CVD, cancer, diabetes or CRD between exact ages 30 and 70 (%)",SH.DYN.NCOM.ZS,,13.56668579,13.30835261,13.08711332,12.84832216,12.67533619,12.57108357,12.43609861,12.23213089,12.14363394,11.86507493,11.89843867,11.90838407,,,
French Polynesia,PYF,"Mortality from CVD, cancer, diabetes or CRD between exact ages 30 and 70 (%)",SH.DYN.NCOM.ZS,,,,,,,,,,,,,,,,
Qatar,QAT,"Mortality from CVD, cancer, diabetes or CRD between exact ages 30 and 70 (%)",SH.DYN.NCOM.ZS,,20,18.6,17.5,16.4,15.5,14.6,14.1,13.7,13.4,12.9,12,12.1,,,
Romania,ROU,"Mortality from CVD, cancer, diabetes or CRD between exact ages 30 and 70 (%)",SH.DYN.NCOM.ZS,,23.1,22.1,22,21.4,21.6,21.6,21.7,21.6,21.8,21.1,21.5,21.5,,,
Russian Federation,RUS,"Mortality from CVD, cancer, diabetes or CRD between exact ages 30 and 70 (%)",SH.DYN.NCOM.ZS,,30.9,29,27.6,26.6,28,26,26.1,24.9,25,24,22,22.4,,,
Rwanda,RWA,"Mortality from CVD, cancer, diabetes or CRD between exact ages 30 and 70 (%)",SH.DYN.NCOM.ZS,,21.2,20.9,20.8,20.6,20.6,20.6,20.5,20.5,20.4,20.4,20.2,20,,,
South Asia,SAS,"Mortality from CVD, cancer, diabetes or CRD between exact ages 30 and 70 (%)",SH.DYN.NCOM.ZS,,23.11903451,23.23632137,23.14883025,22.65016641,22.35843693,22.78126196,22.90737609,23.06213554,23.49127973,23.53926017,23.18541711,23.2469674,,,
Saudi Arabia,SAU,"Mortality from CVD, cancer, diabetes or CRD between exact ages 30 and 70 (%)",SH.DYN.NCOM.ZS,,15.9,14.1,12.9,12.5,12.7,12.9,13.1,13.8,14.2,14.3,13.5,13.6,,,
Sudan,SDN,"Mortality from CVD, cancer, diabetes or CRD between exact ages 30 and 70 (%)",SH.DYN.NCOM.ZS,,23.2,23.7,23.4,23.3,23.1,22.9,22.8,22.7,22.8,22.4,22.6,21.2,,,
Senegal,SEN,"Mortality from CVD, cancer, diabetes or CRD between exact ages 30 and 70 (%)",SH.DYN.NCOM.ZS,,23,22.8,22.9,23,23.3,22.8,22.8,22.6,22.3,22.4,22.4,21.4,,,
Singapore,SGP,"Mortality from CVD, cancer, diabetes or CRD between exact ages 30 and 70 (%)",SH.DYN.NCOM.ZS,,11,10.9,10.7,10.2,9.8,9.8,9.6,9.4,9,8.6,8.9,10.3,,,
Solomon Islands,SLB,"Mortality from CVD, cancer, diabetes or CRD between exact ages 30 and 70 (%)",SH.DYN.NCOM.ZS,,39.2,39.3,39.3,39.1,39.2,39,38.6,38.4,38.5,38.2,39.9,40.6,,,
Sierra Leone,SLE,"Mortality from CVD, cancer, diabetes or CRD between exact ages 30 and 70 (%)",SH.DYN.NCOM.ZS,,26.8,26.4,26,25.2,24.6,24.4,24.7,24.7,24.6,24.3,23.7,23.9,,,
El Salvador,SLV,"Mortality from CVD, cancer, diabetes or CRD between exact ages 30 and 70 (%)",SH.DYN.NCOM.ZS,,11.9,12.2,11.9,12.4,12.9,13,13,13.5,12.8,13,13.1,12.6,,,
San Marino,SMR,"Mortality from CVD, cancer, diabetes or CRD between exact ages 30 and 70 (%)",SH.DYN.NCOM.ZS,,,,,,,,,,,,,,,,
Somalia,SOM,"Mortality from CVD, cancer, diabetes or CRD between exact ages 30 and 70 (%)",SH.DYN.NCOM.ZS,,30.7,29.6,30.2,30.5,30.2,30,29.8,29.7,29.4,29.2,29.3,27.6,,,
Serbia,SRB,"Mortality from CVD, cancer, diabetes or CRD between exact ages 30 and 70 (%)",SH.DYN.NCOM.ZS,,24.5,23.1,22.6,22.1,22,22,21.6,21.9,21.4,21.4,21.5,20.7,,,
Sub-Saharan Africa (excluding high income),SSA,"Mortality from CVD, cancer, diabetes or CRD between exact ages 30 and 70 (%)",SH.DYN.NCOM.ZS,,22.67458015,22.47035449,22.19735537,22.06057478,21.9651946,21.93941238,21.83140243,21.67099899,21.67643761,21.51296553,21.90530872,21.33330574,,,
South Sudan,SSD,"Mortality from CVD, cancer, diabetes or CRD between exact ages 30 and 70 (%)",SH.DYN.NCOM.ZS,,17.2,17.1,17.2,17.4,18,19,19,19.6,21.2,22,22.6,22.4,,,
Sub-Saharan Africa,SSF,"Mortality from CVD, cancer, diabetes or CRD between exact ages 30 and 70 (%)",SH.DYN.NCOM.ZS,,22.67437333,22.47012475,22.19720755,22.06038535,21.96503861,21.93935758,21.83141341,21.67098774,21.6764413,21.5130099,21.9045288,21.33243968,,,
Small states,SST,"Mortality from CVD, cancer, diabetes or CRD between exact ages 30 and 70 (%)",SH.DYN.NCOM.ZS,,22.28583727,21.72467609,21.49839258,21.15418762,21.00781963,20.77190149,20.65880154,20.50111652,20.46030856,20.28893596,20.33453923,19.43276047,,,
Sao Tome and Principe,STP,"Mortality from CVD, cancer, diabetes or CRD between exact ages 30 and 70 (%)",SH.DYN.NCOM.ZS,,19.9,19.5,20.2,19.8,19.7,19.8,20.2,20.5,20.5,20.6,20.4,19.5,,,
Suriname,SUR,"Mortality from CVD, cancer, diabetes or CRD between exact ages 30 and 70 (%)",SH.DYN.NCOM.ZS,,20.3,19.8,19.5,20.5,20.7,21,20.9,21.2,21.7,21.6,21.5,18.7,,,
Slovak Republic,SVK,"Mortality from CVD, cancer, diabetes or CRD between exact ages 30 and 70 (%)",SH.DYN.NCOM.ZS,,20.6,19.7,18.9,18.9,18.2,18.5,17.8,17.7,17.4,16.7,16.9,16.6,,,
Slovenia,SVN,"Mortality from CVD, cancer, diabetes or CRD between exact ages 30 and 70 (%)",SH.DYN.NCOM.ZS,,13.5,13.3,13.1,13,12.4,12.8,12.1,12.2,12,11.4,11,11.6,,,
Sweden,SWE,"Mortality from CVD, cancer, diabetes or CRD between exact ages 30 and 70 (%)",SH.DYN.NCOM.ZS,,10.4,10.1,9.8,9.8,9.5,9.2,9.1,8.9,8.7,8.2,8,7.9,,,
Eswatini,SWZ,"Mortality from CVD, cancer, diabetes or CRD between exact ages 30 and 70 (%)",SH.DYN.NCOM.ZS,,39.2,33.5,33.5,33.3,33.6,34.5,35.2,35.6,35.7,35.1,35.1,32.3,,,
Sint Maarten (Dutch part),SXM,"Mortality from CVD, cancer, diabetes or CRD between exact ages 30 and 70 (%)",SH.DYN.NCOM.ZS,,,,,,,,,,,,,,,,
Seychelles,SYC,"Mortality from CVD, cancer, diabetes or CRD between exact ages 30 and 70 (%)",SH.DYN.NCOM.ZS,,21.5,21.1,21.3,20.9,21,21.6,21.9,21.6,21.7,21.8,16.8,15.6,,,
Syrian Arab Republic,SYR,"Mortality from CVD, cancer, diabetes or CRD between exact ages 30 and 70 (%)",SH.DYN.NCOM.ZS,,22.2,22,22.2,22.3,22.4,22.5,22.3,22.4,22.4,22,22.3,21.3,,,
Turks and Caicos Islands,TCA,"Mortality from CVD, cancer, diabetes or CRD between exact ages 30 and 70 (%)",SH.DYN.NCOM.ZS,,,,,,,,,,,,,,,,
Chad,TCD,"Mortality from CVD, cancer, diabetes or CRD between exact ages 30 and 70 (%)",SH.DYN.NCOM.ZS,,25.5,25.3,25.1,24.8,24.6,24.4,24.1,24,24.1,24,24.5,23.4,,,
East Asia & Pacific (IDA & IBRD countries),TEA,"Mortality from CVD, cancer, diabetes or CRD between exact ages 30 and 70 (%)",SH.DYN.NCOM.ZS,,20.54871605,20.19268083,19.92782427,19.44184985,19.01321157,18.73814469,18.52248168,18.21778778,17.99439254,17.86410202,17.57018231,17.74273878,,,
Europe & Central Asia (IDA & IBRD countries),TEC,"Mortality from CVD, cancer, diabetes or CRD between exact ages 30 and 70 (%)",SH.DYN.NCOM.ZS,,27.0533153,25.88074576,25.06800487,24.2568644,24.65897019,23.62814184,23.40061668,22.67840583,22.61631345,21.96796764,21.09530432,20.76541571,,,
Togo,TGO,"Mortality from CVD, cancer, diabetes or CRD between exact ages 30 and 70 (%)",SH.DYN.NCOM.ZS,,28.1,27.9,27.7,27.5,27.2,27.1,27,26.7,26.5,26.1,26.4,25.4,,,
Thailand,THA,"Mortality from CVD, cancer, diabetes or CRD between exact ages 30 and 70 (%)",SH.DYN.NCOM.ZS,,15.1,14.7,14.2,13.9,13.9,13.9,14.1,13.9,14,14.3,14.2,14.5,,,
Tajikistan,TJK,"Mortality from CVD, cancer, diabetes or CRD between exact ages 30 and 70 (%)",SH.DYN.NCOM.ZS,,26.1,25.2,23.9,22.3,22,21.4,21,20.2,19.8,19.4,18.6,18.1,,,
Turkmenistan,TKM,"Mortality from CVD, cancer, diabetes or CRD between exact ages 30 and 70 (%)",SH.DYN.NCOM.ZS,,27.4,27.1,26.8,27.1,28,27.9,27.3,27.1,26.7,26.4,26.5,25.7,,,
Latin America & the Caribbean (IDA & IBRD countries),TLA,"Mortality from CVD, cancer, diabetes or CRD between exact ages 30 and 70 (%)",SH.DYN.NCOM.ZS,,16.02334791,15.81262719,15.59678864,15.38495204,15.2527938,15.28867226,15.43375017,15.06898356,14.90337828,14.79626819,15.04717425,14.69336827,,,
Timor-Leste,TLS,"Mortality from CVD, cancer, diabetes or CRD between exact ages 30 and 70 (%)",SH.DYN.NCOM.ZS,,21.3,21.5,20.9,21.2,21.6,20.2,20.5,20,20.4,20.9,19.2,20.1,,,
Middle East & North Africa (IDA & IBRD countries),TMN,"Mortality from CVD, cancer, diabetes or CRD between exact ages 30 and 70 (%)",SH.DYN.NCOM.ZS,,21.63236949,21.27519305,21.28958191,20.85851382,20.89690448,21.17077348,20.76413507,20.35603462,20.3789391,20.28712624,19.78949973,19.40453004,,,
Tonga,TON,"Mortality from CVD, cancer, diabetes or CRD between exact ages 30 and 70 (%)",SH.DYN.NCOM.ZS,,27.4,27.2,27.1,27,26.9,26.8,26.4,26.4,26.2,26,25.7,26.9,,,
South Asia (IDA & IBRD),TSA,"Mortality from CVD, cancer, diabetes or CRD between exact ages 30 and 70 (%)",SH.DYN.NCOM.ZS,,23.11903451,23.23632137,23.14883025,22.65016641,22.35843693,22.78126196,22.90737609,23.06213554,23.49127973,23.53926017,23.18541711,23.2469674,,,
Sub-Saharan Africa (IDA & IBRD countries),TSS,"Mortality from CVD, cancer, diabetes or CRD between exact ages 30 and 70 (%)",SH.DYN.NCOM.ZS,,22.67437333,22.47012475,22.19720755,22.06038535,21.96503861,21.93935758,21.83141341,21.67098774,21.6764413,21.5130099,21.9045288,21.33243968,,,
Trinidad and Tobago,TTO,"Mortality from CVD, cancer, diabetes or CRD between exact ages 30 and 70 (%)",SH.DYN.NCOM.ZS,,20.9,20.4,19.4,20.2,20.5,20.5,21.2,20.7,20.4,20.4,20.7,20.3,,,
Tunisia,TUN,"Mortality from CVD, cancer, diabetes or CRD between exact ages 30 and 70 (%)",SH.DYN.NCOM.ZS,,16.4,16,15.7,15.7,15.5,15.5,15.4,15.4,15.3,15.2,15.1,13,,,
Turkiye,TUR,"Mortality from CVD, cancer, diabetes or CRD between exact ages 30 and 70 (%)",SH.DYN.NCOM.ZS,,18.6,18.5,18.2,18,17.9,17.7,17.4,17,16.7,16.6,15.2,15.4,,,
Tuvalu,TUV,"Mortality from CVD, cancer, diabetes or CRD between exact ages 30 and 70 (%)",SH.DYN.NCOM.ZS,,,,,,,,,,,,,,,,
Tanzania,TZA,"Mortality from CVD, cancer, diabetes or CRD between exact ages 30 and 70 (%)",SH.DYN.NCOM.ZS,,17.5,17.3,17.1,17.3,17.2,17.4,17.6,17.7,18.1,18.4,17.9,18.8,,,
Uganda,UGA,"Mortality from CVD, cancer, diabetes or CRD between exact ages 30 and 70 (%)",SH.DYN.NCOM.ZS,,23.3,23.1,22.6,22.5,22,21.7,21.5,21.1,21.4,21.8,21.7,21.5,,,
Ukraine,UKR,"Mortality from CVD, cancer, diabetes or CRD between exact ages 30 and 70 (%)",SH.DYN.NCOM.ZS,,29,27.7,27.6,26.7,27.3,25.7,25.4,24.8,25.8,25.3,25.1,24.8,,,
Upper middle income,UMC,"Mortality from CVD, cancer, diabetes or CRD between exact ages 30 and 70 (%)",SH.DYN.NCOM.ZS,,19.64900733,19.24199998,18.92684847,18.45968018,18.08400167,17.8255498,17.62390518,17.31807331,17.0973636,16.92706384,16.75259222,16.55957445,,,
Uruguay,URY,"Mortality from CVD, cancer, diabetes or CRD between exact ages 30 and 70 (%)",SH.DYN.NCOM.ZS,,17.7,17.7,17.5,17.1,17.1,17.3,17.6,16.3,16.6,16.6,16.2,17.4,,,
United States,USA,"Mortality from CVD, cancer, diabetes or CRD between exact ages 30 and 70 (%)",SH.DYN.NCOM.ZS,,14.5,14.3,14.2,14,13.9,14,13.9,13.7,13.5,13.2,13.6,13.7,,,
Uzbekistan,UZB,"Mortality from CVD, cancer, diabetes or CRD between exact ages 30 and 70 (%)",SH.DYN.NCOM.ZS,,37.8,36.6,35.8,34.3,33.7,32,31.4,30.4,28.4,26.8,27.2,24.6,,,
St. Vincent and the Grenadines,VCT,"Mortality from CVD, cancer, diabetes or CRD between exact ages 30 and 70 (%)",SH.DYN.NCOM.ZS,,19,20.1,21.3,22.1,22.4,22,21.9,22.2,22.3,22.7,24.4,23.6,,,
"Venezuela, RB",VEN,"Mortality from CVD, cancer, diabetes or CRD between exact ages 30 and 70 (%)",SH.DYN.NCOM.ZS,,15.8,16.2,16,15.7,16.2,16.7,18.2,17.5,17.6,17.9,18.4,18.7,,,
British Virgin Islands,VGB,"Mortality from CVD, cancer, diabetes or CRD between exact ages 30 and 70 (%)",SH.DYN.NCOM.ZS,,,,,,,,,,,,,,,,
Virgin Islands (U.S.),VIR,"Mortality from CVD, cancer, diabetes or CRD between exact ages 30 and 70 (%)",SH.DYN.NCOM.ZS,,,,,,,,,,,,,,,,
Viet Nam,VNM,"Mortality from CVD, cancer, diabetes or CRD between exact ages 30 and 70 (%)",SH.DYN.NCOM.ZS,,21.7,21.6,21.5,21.5,21.5,21.6,21.4,21.1,20.9,20.8,19.3,20.1,,,
Vanuatu,VUT,"Mortality from CVD, cancer, diabetes or CRD between exact ages 30 and 70 (%)",SH.DYN.NCOM.ZS,,38,38.1,38.4,38,37.5,37.6,37.3,37.2,37.1,37.1,37.8,36.8,,,
World,WLD,"Mortality from CVD, cancer, diabetes or CRD between exact ages 30 and 70 (%)",SH.DYN.NCOM.ZS,,19.95800333,19.71039506,19.48681508,19.10203912,18.89854215,18.8572885,18.78062622,18.59815543,18.6053684,18.48590999,18.31484945,18.28776926,,,
Samoa,WSM,"Mortality from CVD, cancer, diabetes or CRD between exact ages 30 and 70 (%)",SH.DYN.NCOM.ZS,,31,31,31.3,31.4,31.9,32.2,32.4,32.3,32.2,32,32.6,32.3,,,
Kosovo,XKX,"Mortality from CVD, cancer, diabetes or CRD between exact ages 30 and 70 (%)",SH.DYN.NCOM.ZS,,,,,,,,,,,,,,,,
"Yemen, Rep.",YEM,"Mortality from CVD, cancer, diabetes or CRD between exact ages 30 and 70 (%)",SH.DYN.NCOM.ZS,,27.1,26.8,26.6,26.4,26.1,26,26.1,26,26,26.3,27.2,25.8,,,
South Africa,ZAF,"Mortality from CVD, cancer, diabetes or CRD between exact ages 30 and 70 (%)",SH.DYN.NCOM.ZS,,26.2,24.9,24.7,24.2,24.5,24.6,24.1,23,22.6,21.6,23.1,22.7,,,
Zambia,ZMB,"Mortality from CVD, cancer, diabetes or CRD between exact ages 30 and 70 (%)",SH.DYN.NCOM.ZS,,23.1,23.4,23.2,22.6,22.8,22.7,23.1,22.9,22.7,23.2,24.1,23.6,,,
Zimbabwe,ZWE,"Mortality from CVD, cancer, diabetes or CRD between exact ages 30 and 70 (%)",SH.DYN.NCOM.ZS,,33.8,33.6,33,33.2,33.2,33.5,33.7,33.4,33.6,32.7,33,31.2,,,
